{"loss": [1.626365303993225, 1.052977204322815], "accuracy": [0.45249998569488525], "val_loss": [1.2569409608840942], "val_accuracy": [0.578000009059906]}